FileName;Correct;Recurrence Formula;Resulting Formula;Output recurrence formula;Output resulting Formula
F:\discrete_structuren\comass13.txt;True;10*1*x + +1*y + 0;(5*(26)^(1/2)/52 + 1/2)*(5 + (26)^(1/2))^n + (-5*(26)^(1/2)/52 + 1/2)*(-(26)^(1/2) + 5)^n;[101, 1020, 10301, 104030, 1050601, 10610040, 107151001, 1082120050, 10928351501, 110365635060, 1114584702101, 11256212656070, 113676711262801, 1148023325284080, 11593909964103601, 117087122966320090, 1182465139627304501, 11941738519239365100, 120599850332020955501, 1217940241839448920110];[101.0, 1020.0, 10300.999999999998, 104029.99999999997, 1050600.9999999998, 10610039.999999998, 107151000.99999996, 1082120049.9999998, 10928351500.999996, 110365635059.99995, 1114584702100.9995, 11256212656069.994, 113676711262800.95, 1148023325284079.5, 1.1593909964103594e+16, 1.1708712296632002e+17, 1.1824651396273037e+18, 1.1941738519239356e+19, 1.2059985033202087e+20, 1.217940241839448e+21]
